id;createdat;updatedat;name;type;mimetype;width;height;filesize;source;preview;focalpoint
1;2021-10-25T17:49:00;2021-10-25T04:30:19;integrate Concrete invoice;withdrawal;multimedia;66237;90588;84081;Mouse;holistic Borders;regional Shoes
2;2021-10-24T20:46:03;2021-10-24T22:47:54;granular e-markets Personal;programming;Bolivia Turnpike;43486;30494;15147;Senior clicks-and-mortar Buckinghamshire;Granite;envisioneer Lithuania
3;2021-10-25T13:11:07;2021-10-25T07:47:32;Car Specialist;Toys XSS e-commerce;Senior Niue;26769;3624;93852;Rubber;Fish;neutral Division
4;2021-10-25T07:38:18;2021-10-25T01:33:01;auxiliary Cambridgeshire Borders;Soft Wooden;Refined;30480;70244;95401;synthesizing;AI parallelism;zero feed Virginia
5;2021-10-25T07:00:36;2021-10-25T00:09:11;HDD;Internal Intelligent bandwidth-monitored;systemic indexing;68484;38341;13605;Facilitator Producer XSS;orchid;National Music
6;2021-10-25T01:19:42;2021-10-25T02:54:19;Sports;Lek extensible harness;index Plastic back-end;47131;47155;41474;Loan Fantastic benchmark;Peso;District
7;2021-10-24T22:15:14;2021-10-25T10:05:51;COM Morocco;Handmade Money Self-enabling;Shoes Creative Monitored;83007;70112;6041;Lodge back;3rd;end-to-end Dynamic digital
8;2021-10-25T00:13:55;2021-10-24T23:40:01;Guinea;Mobility of West;transmit Business-focused system;65378;98503;10625;withdrawal;magenta;Denar
9;2021-10-24T20:15:27;2021-10-25T03:12:33;archive;Borders;Street Alaska Graphical;55169;74113;36994;red Singapore schemas;Response PCI Gloves;Market
10;2021-10-25T10:11:41;2021-10-24T23:35:04;sexy Sleek;tan Account;invoice real-time;7151;7946;70483;quantifying Tasty bottom-line;asymmetric Hat;Rustic
