id;createdat;updatedat;isprivate;code
1;2021-10-25T02:56:17;2021-10-25T11:08:02;false;payment firmware
2;2021-10-25T07:29:14;2021-10-25T14:51:30;true;withdrawal
3;2021-10-25T15:56:38;2021-10-25T06:33:58;false;overriding Cambridgeshire Kids
4;2021-10-25T16:16:40;2021-10-25T03:24:16;true;Loan
5;2021-10-25T02:53:48;2021-10-25T04:04:12;false;supply-chains Tactics local
6;2021-10-24T21:31:32;2021-10-25T16:43:03;true;methodologies Customer Nakfa
7;2021-10-25T06:22:57;2021-10-25T13:16:36;true;SAS
8;2021-10-25T04:34:59;2021-10-25T05:44:57;true;red Computer Creative
9;2021-10-25T08:49:44;2021-10-25T14:41:29;false;Chair
10;2021-10-24T19:03:15;2021-10-24T21:48:08;false;deposit SQL Reverse-engineered
