id;createdat;updatedat;type;ispublic;data;discriminator
1;2021-10-24T19:04:31;2021-10-25T14:25:49;withdrawal Indian;true;deploy;connect up
2;2021-10-25T06:45:39;2021-10-25T11:31:55;Markets Tasty mindshare;false;red Spain withdrawal;Shoes
3;2021-10-25T14:50:35;2021-10-24T18:39:31;actuating teal Arizona;false;Intelligent;Principal Customer
4;2021-10-25T17:00:41;2021-10-25T02:09:38;systematic Forks compress;false;Shoes Vision-oriented;Jewelery
5;2021-10-25T15:35:06;2021-10-25T09:39:15;connect 1080p;false;Rustic;index
6;2021-10-25T04:58:06;2021-10-24T22:57:54;Pennsylvania invoice haptic;true;mobile Hawaii;generate
7;2021-10-24T23:57:05;2021-10-24T19:09:06;Fresh Buckinghamshire Industrial;true;interactive Comoros digital;Investor channels Account
8;2021-10-25T03:25:55;2021-10-25T14:06:06;alarm Handcrafted;false;Accountability;Salad lavender middleware
9;2021-10-24T20:08:23;2021-10-25T08:18:17;Investor wireless;true;mission-critical Incredible SQL;Senior Granite Borders
10;2021-10-25T16:39:36;2021-10-25T01:35:29;Account array;false;Strategist;Knolls
