id;createdat;updatedat;method;amount;state;errormessage;transactionid;metadata
1;2021-10-25T09:25:27;2021-10-25T13:48:03;Guernsey hacking;53272;Polarised;Music;harness Optimization;back
2;2021-10-25T07:37:22;2021-10-25T10:29:07;copy Wooden;96282;Alabama PNG Avon;Wooden Wooden syndicate;Swedish Berkshire;Pre-emptive transmit Multi-channelled
3;2021-10-25T15:23:53;2021-10-25T16:56:49;haptic;46136;Bedfordshire EXE;demand-driven Dynamic viral;Interactions;Usability indigo
4;2021-10-25T00:06:07;2021-10-25T13:00:48;whiteboard feed exploit;42850;Rubber;Pass;Awesome Metrics Azerbaijan;program withdrawal
5;2021-10-25T04:21:38;2021-10-25T12:12:10;and;17239;Avon Virginia Lari;Cheese reboot Borders;Table South;Shoes
6;2021-10-24T18:53:52;2021-10-25T17:19:24;Alaska;67995;Multi-tiered;Helena Malaysian;Frozen Car;THX Administrator
7;2021-10-25T05:38:25;2021-10-25T00:35:38;pixel;42519;USB Senior;program;Dollar South Handcrafted;Soap
8;2021-10-25T11:32:26;2021-10-24T22:08:30;reintermediate;63320;rich;magenta Loan Sleek;3rd online teal;orchid synthesizing
9;2021-10-25T01:04:44;2021-10-25T06:20:15;Division invoice;27436;Forest Persevering;microchip;Metal;Corporate Salvador black
10;2021-10-25T00:57:23;2021-10-25T04:26:06;networks wireless transmitting;73367;Developer;Arab;Multi-lateral silver;data-warehouse Borders
