id;createdat;updatedat;items;shipping;adjustment;total;method;reason;state;transactionid;metadata;payment_id
1;2021-10-25T11:03:43;2021-10-25T07:41:08;16289;77964;29483;93001;JSON;Concrete Shoes;Florida Philippines;Lead;Soft schemas;1
2;2021-10-25T05:46:15;2021-10-24T22:35:30;49681;98761;86254;3237;Branding;object-oriented Gorgeous;Adaptive;Technician;Mariana Account;2
3;2021-10-25T03:36:48;2021-10-24T19:49:33;81080;25164;77418;26;primary panel;Avon turn-key parse;synthesize Cyprus;extend upward-trending;Directives;3
4;2021-10-25T10:41:11;2021-10-24T18:59:08;67976;16646;5389;46984;connect bluetooth;Computers morph Avon;Dynamic capability Rial;Planner;Practical;4
5;2021-10-25T13:42:29;2021-10-25T07:05:54;37993;37537;85921;33486;Turkey Quetzal Generic;Granite;Research;neural-net Sleek;backing solid responsive;5
6;2021-10-25T11:22:20;2021-10-25T15:19:10;5575;297;70597;70288;Michigan Kip Market;deposit Avon Executive;discrete Liaison;lime Handcrafted Loan;circuit impactful enable;6
7;2021-10-24T21:14:00;2021-10-24T21:45:48;64390;41607;51591;94536;optical Grass-roots;Down-sized;Pound fault-tolerant;quantify Interactions Pound;Checking portal Open-source;7
8;2021-10-25T00:11:05;2021-10-25T04:12:02;83832;1714;61748;1331;green Lempira;sky Identity;Utah SMS;24/7 extend bandwidth;robust alarm;8
9;2021-10-25T01:54:24;2021-10-25T09:32:37;85503;27266;50744;42791;online;Account Groves;hack convergence program;Ergonomic;Uzbekistan;9
10;2021-10-25T17:45:25;2021-10-25T07:00:58;68787;82401;12100;41172;Supervisor quantify Tasty;cross-platform;world-class;invoice;Ergonomic Senior;10
