id;createdat;updatedat;deletedat;code;checker;calculator;fulfillmenthandlercode
1;2021-10-25T13:52:45;2021-10-25T10:55:14;2021-10-25T14:25:31;global Web SAS;deposit;Western;intangible South Communications
2;2021-10-25T03:07:09;2021-10-25T06:35:31;2021-10-25T06:18:49;red facilitate;Shoes Land Hryvnia;parsing haptic;Rustic
3;2021-10-25T00:37:36;2021-10-24T19:05:32;2021-10-24T18:53:20;Nicaragua invoice dedicated;quantify;orchestrate Borders;York invoice
4;2021-10-25T13:09:57;2021-10-25T06:16:09;2021-10-25T05:40:20;SAS payment Wooden;Sleek;Rial payment;compressing Account
5;2021-10-25T10:54:19;2021-10-25T12:42:27;2021-10-25T05:58:57;Lane feed;Berkshire;Cotton Bulgaria;red Plastic experiences
6;2021-10-25T06:51:43;2021-10-25T14:27:38;2021-10-25T11:12:35;silver Place;Rubber;payment monitor maximize;Motorway Manat connecting
7;2021-10-25T10:24:49;2021-10-24T22:16:04;2021-10-25T08:26:44;program virtual Kwanza;Synchronised XML Springs;frictionless TCP;real-time Refined
8;2021-10-25T16:59:15;2021-10-24T19:23:01;2021-10-24T23:38:45;Mountains;Stream Frozen Checking;violet;Incredible
9;2021-10-25T11:56:12;2021-10-25T01:37:59;2021-10-25T12:05:07;Estonia Unions Intuitive;Idaho tan Euro;Account Gorgeous connect;Cambridgeshire Frozen
10;2021-10-24T21:40:21;2021-10-25T04:44:14;2021-10-25T05:01:32;action-items leverage;enhance Awesome;withdrawal USB Avon;Cotton Republic
