id;createdat;updatedat;type;quantity;discriminator
1;2021-10-25T07:59:05;2021-10-25T05:08:49;Shoes tan payment;162;violet Skyway challenge
2;2021-10-25T17:06:24;2021-10-25T13:28:35;orange;49351;Dakota Ville Dynamic
3;2021-10-24T21:28:08;2021-10-24T23:11:43;Dynamic Account;77350;Towels
4;2021-10-25T05:51:03;2021-10-25T01:13:44;calculate Automotive redundant;74754;1080p
5;2021-10-25T07:00:26;2021-10-25T12:56:05;deposit;39307;withdrawal Burundi
6;2021-10-25T12:11:49;2021-10-25T17:10:09;connect Account Bedfordshire;29382;Facilitator bypassing Account
7;2021-10-25T04:10:58;2021-10-25T16:43:14;Practical Concrete Kids;50635;Curve payment
8;2021-10-24T21:55:55;2021-10-25T05:18:40;Investment benchmark;45949;International
9;2021-10-25T05:46:05;2021-10-25T04:25:20;Mobility transmit feed;74434;collaboration Leu Fresh
10;2021-10-25T16:45:25;2021-10-25T14:51:44;firewall;95749;bandwidth Granite Applications
