id;createdat;updatedat;name;isdefault
1;2021-10-25T02:05:45;2021-10-25T17:51:48;Falls;true
2;2021-10-25T04:52:06;2021-10-25T17:19:07;invoice;false
3;2021-10-25T10:22:03;2021-10-25T13:58:49;Incredible;false
4;2021-10-25T13:51:01;2021-10-25T14:25:57;cross-platform systems Russian;true
5;2021-10-24T18:59:05;2021-10-25T05:38:11;relationships Street end-to-end;true
6;2021-10-25T06:37:22;2021-10-25T10:31:54;optimizing reboot;false
7;2021-10-24T21:05:27;2021-10-25T13:37:13;compressing Kansas copying;false
8;2021-10-25T06:55:15;2021-10-25T13:02:14;Account Future Unbranded;true
9;2021-10-25T15:20:06;2021-10-25T17:46:05;white;false
10;2021-10-25T07:58:49;2021-10-25T13:27:50;deposit SDD Human;true
